k_res,PSD_periodogram,PSD_periodogram_hamm,PSD_mt,k_we,PSD_welch
0,0.0111327238238735,0.0130439567936778,0.0121677734141509,0,0.0126127770265481
1,0.0133611235933697,0.0142536218681241,0.0125399728284881,1,0.0124686149122314
2,0.0136961991425286,0.0131519939430615,0.0126041346324463,2,0.0127849319648159
3,0.0111594766823502,0.0110188128587272,0.0126425476250675,3,0.0124305062617399
4,0.0111465519031619,0.0114766492699703,0.0127009841949456,4,0.0123127962536002
5,0.0142970898904181,0.0131525414351486,0.012522218834814,5,0.0120894887457642
6,0.0121579037883148,0.0130000268015542,0.0124342874090814,6,0.0116845611867025
7,0.0132025337785039,0.0143254403464343,0.0125424895422464,7,0.0120021827085828
8,0.0133605119095177,0.013074141150182,0.0127192918432521,8,0.0120533412944616
9,0.0126478279402086,0.0120961250867746,0.0126335753954102,9,0.0131530823406738
10,0.0105936438080697,0.0110807577415611,0.012817738876273,10,0.0125287131541349
11,0.0129132540392033,0.0122369962649317,0.0126122785796349,11,0.0126535389506328
12,0.0130254888914607,0.0121904323158662,0.0121914089477401,12,0.0128293516706798
13,0.0134800105208949,0.0137631205273418,0.0124738434543912,13,0.0124996340877422
14,0.0132495294216263,0.0135108481595584,0.0124594356107725,14,0.0124501955521432
15,0.00919040078374106,0.0106900281903586,0.0126289234314949,15,0.012825997137251
16,0.0138856579793755,0.0127560509255133,0.0123806341457398,16,0.0120900572466674
17,0.0123479366694924,0.0116454671458508,0.0120927180732587,17,0.01180652623773
18,0.0119232088059909,0.0127770530382549,0.0120419414534316,18,0.0127012567367914
19,0.0117407343595875,0.0133070765022938,0.0122154106774431,19,0.0125563722821983
20,0.0115632980772369,0.0114019123066338,0.0121459864068731,20,0.0122701897070052
21,0.0133335103319648,0.0115523845126404,0.0119337439303596,21,0.0123734702655285
22,0.0121292238490115,0.0110965271312786,0.0118115734362336,22,0.0115909799242052
23,0.0110761597723243,0.0125443892044623,0.0119006284180426,23,0.0118091699288106
24,0.0109742166073979,0.0116272566748666,0.0117246680865614,24,0.0121211809051908
25,0.0103606209732527,0.0115158722146441,0.0114086205340121,25,0.0124035531574701
26,0.0139703431139297,0.0133537246893954,0.011849518037216,26,0.0129523781695157
27,0.0114423282028084,0.0105171352502755,0.0118620742703029,27,0.01256776899108
28,0.011009611001759,0.011034351376375,0.0120822064381329,28,0.0127087350117014
29,0.0137855821910756,0.0129712673683376,0.0120371558311164,29,0.0130571599555676
30,0.0117662643473798,0.0116494211319493,0.0119787756651064,30,0.0327866950523894
31,0.0123857394202401,0.0120733978914992,0.0119287076363387,31,0.0533267776237872
32,0.0118718525752711,0.010995193375377,0.012036585149304,32,0.0144535233222539
33,0.0110495087964136,0.0114440040570843,0.012092501407348,33,0.0122141922733323
34,0.0103809179227246,0.0120227228761478,0.0123748684593847,34,0.0123614420434819
35,0.0115033809496601,0.0120248878492443,0.0128568940935796,35,0.0123871239277433
36,0.0125573180354036,0.0128170452055267,0.0129716822181688,36,0.0118597053313888
37,0.0165577343154618,0.0176008281085828,0.0130208583735809,37,0.0122476576872835
38,0.0153990794734686,0.0174141032101839,0.0130493048935361,38,0.0126848124525554
39,0.013367299197373,0.0139995556480455,0.0130262068922838,39,0.0127528462592095
40,0.00988966380806657,0.0103669975399426,0.01272225672436,40,0.01217803050299
41,0.0114274144062928,0.0113726227906088,0.0124809666261197,41,0.0127447099577933
42,0.0122747830518971,0.0123705844095998,0.0125412618889319,42,0.0130161070931737
43,0.0105312098700466,0.0108281423436385,0.012489577317204,43,0.012897328210511
44,0.0137771208441961,0.0123725658149968,0.0125619557168447,44,0.0125363916546588
45,0.0140493404148715,0.0138743970333668,0.0126502219946426,45,0.0122770422425988
46,0.0134205718606468,0.0154134970800778,0.0124437717790025,46,0.0114258733901214
47,0.0129010161718306,0.0134627319608505,0.0128541446638312,47,0.0121975277099722
48,0.0121886770153668,0.0120997935567998,0.0130335818544146,48,0.0127625326328273
49,0.0122389717220966,0.012530960068352,0.0130377141253307,49,0.0127026511269929
50,0.0133212569429117,0.0126473533930563,0.0129263722752112,50,0.0122286444643316
51,0.0123723699022489,0.0117441294741313,0.0123974191765177,51,0.0131793518087204
52,0.0134013837850778,0.0111466394145545,0.0122597326217835,52,0.0131748935800927
53,0.011679436868911,0.0113851148052887,0.0123021374099451,53,0.0118888443931913
54,0.0125105735990367,0.011584603380501,0.0124825243369803,54,0.0115142756143746
55,0.0101199727245257,0.0111592386985728,0.0122931247813764,55,0.0120627106983682
56,0.0126082024665069,0.0143415097544048,0.0121332501173828,56,0.0124507331793058
57,0.0143732531403993,0.0137358864304438,0.0125339808373285,57,0.0120310551845149
58,0.0102448454898328,0.0100008622395781,0.0124254468094315,58,0.0123293892746129
59,0.0137352571918311,0.0113051769951839,0.0128024829661292,59,0.011922024452701
60,0.0148721827180993,0.0124986740565645,0.0129585510204475,60,0.0125303084819724
61,0.0120844090292825,0.0117851224827901,0.012499218447397,61,0.0131903416745279
62,0.0103614236757172,0.0108593547308879,0.0124050147761883,62,0.0123206872466632
63,0.0149809203001551,0.0142433234678448,0.0122846704598431,63,0.017151603424358
64,0.0101554947238913,0.0121876246426129,0.0119602112146528,64,0.0354726967450964
65,0.0115650426383516,0.0118145465746689,0.0119494480560824,65,0.0166289018097238
66,0.0131608268616115,0.0128535248432546,0.0120667876633111,66,0.0123668064275414
67,0.0100682318920728,0.011742716213988,0.0115813977539153,67,0.0123215321961703
68,0.0120649068286085,0.0120288248149626,0.0118007747543642,68,0.0124819786699006
69,0.0122461502873077,0.0120777093248024,0.0119260650513445,69,0.0119534520908931
70,0.0118014343586948,0.0110549771313869,0.0120958918745519,70,0.011966539510092
71,0.0111693834008749,0.0108114486448319,0.0123588790329232,71,0.0123363645785411
72,0.0117128917501323,0.01180200573014,0.0127282206916275,72,0.0119846582057963
73,0.0148469320887715,0.0143508341859923,0.0127235691103362,73,0.0117506292583582
74,0.0114679664572685,0.0129728372191045,0.0128343801418052,74,0.0123241497680913
75,0.0143920976453751,0.0133297408376826,0.0126595006254958,75,0.0122345415944516
76,0.0124973741910285,0.0124894072001845,0.0127188926400271,76,0.0121532232382507
77,0.0126896005134316,0.0128649179007176,0.012513506875363,77,0.0121072737386867
78,0.00892414364906073,0.0107355599485133,0.0122004210722852,78,0.011530793335357
79,0.012287725954201,0.0119741412832518,0.01227840335838,79,0.0121805232737677
80,0.0133112959526371,0.0130820435237487,0.0122827462359917,80,0.0120376560243066
81,0.01077805196244,0.014079665958232,0.0123763783635962,81,0.0115230467484304
82,0.015215376754746,0.0162369652913908,0.0124975812996929,82,0.0121442877449089
83,0.0135455286018444,0.0130384505342758,0.0125741606653055,83,0.0120736811169136
84,0.0115961434725992,0.0107766785551188,0.0120472469056181,84,0.0115508243195395
85,0.0116247441622021,0.0118446295806925,0.0120467462367334,85,0.0118083429625203
86,0.0110038690140033,0.0117144900840298,0.0117650669584582,86,0.0120010563797281
87,0.0100672450450253,0.0100619119556512,0.011504454681142,87,0.0122103467308073
88,0.0110348962265549,0.0103631252583263,0.0114836182051885,88,0.0116953780118633
89,0.0125267725647862,0.0123719479304745,0.0115733444453865,89,0.0108934274450452
90,0.0125824589696516,0.012947556990894,0.0116332401216693,90,0.011691958273344
91,0.0115317075014972,0.0112155060477123,0.0119793603226526,91,0.0122087600689679
92,0.0130834374878839,0.0121018390487332,0.0120913960515547,92,0.0122400166120702
93,0.0105328789268004,0.0101660223567877,0.0117591501520693,93,0.0118963397388514
94,0.0113708537385867,0.01208440322238,0.0119182027018719,94,0.0118122206291837
95,0.0119933577621563,0.012654760707414,0.0117479385579564,95,0.013096700258414
96,0.0109890682743527,0.0113880279891173,0.0119354222547677,96,0.0132067172085978
97,0.0135372886885208,0.0113127424289955,0.0122152404473608,97,0.0122007280370771
98,0.0111225874008529,0.0113072982756431,0.0123309423889066,98,0.0114374489947801
99,0.012013354214623,0.0119511208351928,0.0123002193518413,99,0.0122692303829005
100,0.0140386316352386,0.0131142579211092,0.0125037940754497,100,0.0126733048495483
101,0.0117299243608037,0.0118146065019435,0.0127818376773228,101,0.0126072835708796
102,0.012853499725215,0.0115088219168038,0.0129742150761256,102,0.0131874167587299
103,0.0129760596168243,0.0135538069522009,0.0128641180640257,103,0.0117792194424403
104,0.0161432296649325,0.0146455028084599,0.0126635156474593,104,0.0122304045835174
105,0.0120597359132304,0.0116245935627106,0.0126315699760888,105,0.0130927846886609
106,0.0116220495221019,0.0126822802261204,0.0127877436782588,106,0.0124401611860458
107,0.0118969616825742,0.0116896105892597,0.0130353138645308,107,0.0121549787902269
108,0.0104446966095387,0.00972440788135476,0.0125540438789686,108,0.0125193038009286
109,0.013236889416258,0.0140258204955803,0.0123235197362993,109,0.0125723309829003
110,0.0145289250658814,0.0154361139665705,0.0126979415485849,110,0.0117550232380317
111,0.0119673829647933,0.0120096352288126,0.0125515120372044,111,0.0125418542701315
112,0.0126189268943657,0.0113913890108464,0.0130720162036324,112,0.012340679813978
113,0.0123867960520338,0.0120482262598793,0.0130714120245871,113,0.0124602070463146
114,0.0113002778849635,0.0116979809232582,0.0128072298518829,114,0.0125058862635562
115,0.0147470381364612,0.014021722309241,0.0127673738333833,115,0.0124779515710743
116,0.0131462706657626,0.0141530900610998,0.0129134139853447,116,0.0119041598952464
117,0.0134055870031076,0.013572928864418,0.0133203050450123,117,0.0118141816165583
118,0.0130560778113419,0.0132635555281776,0.0138101692919546,118,0.0118794090336768
119,0.0117522756390975,0.0139362713655593,0.023661157751216,119,0.0119434461152577
120,0.0144371220575577,0.0151682351245473,0.0462018141273934,120,0.0124377135332322
121,0.0141380429849208,0.0135849489774289,0.0472345314798608,121,0.0119374037740814
122,0.0152528674851809,0.0604054986069111,0.0471273262232766,122,0.0129479914923888
123,0.25909423593286,0.193807245990049,0.0470208114308926,123,0.0117975240351706
124,0.016815294284012,0.0321083904184609,0.0467737176369137,124,0.011753854084462
125,0.01125343788366,0.011004754964151,0.0462235227683406,125,0.0120455848958716
126,0.0122408219086748,0.0105519474338939,0.0450331301397107,126,0.0119577582526962
127,0.0109323400444091,0.0110151452965328,0.016127761620459,127,0.0122094285634739
128,0.0126468005252391,0.0126244933422345,0.0125195659329267,128,0.0129557235501488
129,0.0125384362513312,0.0127671352829977,0.0119842883087505,129,0.0122094285634739
130,0.0123464685708572,0.0137940813938359,0.0122253832158096,130,0.0119577582526962
131,0.0131829774233428,0.0133715953765323,0.0124078848400849,131,0.0120455848958716
132,0.0105591894432018,0.0117474153045476,0.0122727507604255,132,0.011753854084462
133,0.0130947171381754,0.0132077157773981,0.0122906937202129,133,0.0117975240351706
134,0.0118577654998078,0.0126094816049456,0.0123392830702597,134,0.0129479914923888
135,0.0121281292682732,0.0111525980061334,0.0121257720499595,135,0.0119374037740814
136,0.0114498414389065,0.0111599503390562,0.0124684597630221,136,0.0124377135332322
137,0.012249762611356,0.0129057349731415,0.012339022291554,137,0.0119434461152577
138,0.0117182673612464,0.0124611013535644,0.0124286902480483,138,0.0118794090336768
139,0.012714718960075,0.0124538795091189,0.0123514012377457,139,0.0118141816165583
140,0.0129900743899002,0.0120776489194896,0.0125111513582553,140,0.0119041598952464
141,0.0130738226707937,0.0121068416315425,0.0122311710015487,141,0.0124779515710743
142,0.0107398859152904,0.0114004567352729,0.0121113015161691,142,0.0125058862635562
143,0.0131372327067384,0.0124444584108205,0.0120887653552887,143,0.0124602070463146
144,0.0113423708801756,0.0119615793154236,0.0119496471399325,144,0.012340679813978
145,0.0120321596367946,0.0106471652588663,0.0119672754915592,145,0.0125418542701315
146,0.0112308204429383,0.0115862720567891,0.0119913610171259,146,0.0117550232380317
147,0.013060497842311,0.0141442398130737,0.0121743653773987,147,0.0125723309829003
148,0.012463786003793,0.0126611232105025,0.0122110942745393,148,0.0125193038009286
149,0.010170592956562,0.0119049786554205,0.0122292124318604,149,0.0121549787902269
150,0.0143328052922442,0.0140069326213455,0.0124208448594165,150,0.0124401611860458
151,0.0124767773065026,0.0127100326414689,0.0125460218493425,151,0.0130927846886609
152,0.0116116477346553,0.0124582150056274,0.0125201437952601,152,0.0122304045835174
153,0.0123161618048435,0.0129686932441304,0.012794997323585,153,0.0117792194424403
154,0.0129405777873401,0.012842999516336,0.0126550789026144,154,0.0131874167587299
155,0.0120845637378104,0.0141947167808348,0.0126138304643903,155,0.0126072835708796
156,0.0134820552916114,0.0144327414743111,0.0124360181992554,156,0.0126733048495483
157,0.0123130486610612,0.0123166739508992,0.0124193127877178,157,0.0122692303829005
158,0.0130713997783907,0.012239279239421,0.0122570093119197,158,0.0114374489947801
159,0.0109230085500613,0.010983517909826,0.0124594021910973,159,0.0122007280370771
160,0.0131776936284212,0.0107103172252591,0.0123226334342327,160,0.0132067172085978
161,0.0102646121351834,0.00893325030897803,0.0123322952589214,161,0.013096700258414
162,0.0125981645404826,0.0123943613466276,0.0122411801645373,162,0.0118122206291837
163,0.0132755459264282,0.0131783544579329,0.0124606682525781,163,0.0118963397388514
164,0.0126005044733862,0.0121557874540141,0.0126834146013081,164,0.0122400166120702
165,0.0130848444282421,0.0121152057855765,0.0130015218388917,165,0.0122087600689679
166,0.0124960675016016,0.0129911659285628,0.0129963718649088,166,0.011691958273344
167,0.0149588946294495,0.0145639790338199,0.012662534475602,167,0.0108934274450452
168,0.0124441118172151,0.0120278444579931,0.0129740782484403,168,0.0116953780118633
169,0.0136106787482191,0.0123320188791273,0.0132586724214129,169,0.0122103467308073
170,0.0109933046440643,0.0112558470320137,0.0132696348680348,170,0.0120010563797281
171,0.014278374626234,0.0132087025829222,0.0128717352646451,171,0.0118083429625203
172,0.0144813635453046,0.0149830449490602,0.0127914147359851,172,0.0115508243195395
173,0.0119743511033849,0.0135663222071757,0.0126986534137578,173,0.0120736811169136
174,0.0129488027377747,0.0125442063200622,0.0129669343225086,174,0.0121442877449089
175,0.0106538409426495,0.0109787399093801,0.0128375890305507,175,0.0115230467484304
176,0.013473520290023,0.0139163764477302,0.012327264128794,176,0.0120376560243066
177,0.0118163284701999,0.0137126601904552,0.0123272578575998,177,0.0121805232737677
178,0.0142501585628714,0.0133867544587062,0.0124393294005674,178,0.011530793335357
179,0.0109336468553726,0.011454824270285,0.0125253463282372,179,0.0121072737386867
180,0.0129829791298019,0.0135005326236671,0.0122528585545144,180,0.0121532232382507
181,0.013272662198418,0.0146556021893768,0.0120627876987149,181,0.0122345415944516
182,0.0111581189420623,0.0117003846208695,0.0115725631931641,182,0.0123241497680913
183,0.0115988253000973,0.0109714860314735,0.0116033784332051,183,0.0117506292583582
184,0.0114554407257819,0.0104050305202393,0.0117143240631516,184,0.0119846582057963
185,0.00982167690974492,0.00947874778639849,0.0113649213687553,185,0.0123363645785411
186,0.0111342358870542,0.0122974680902441,0.0115925016904432,186,0.011966539510092
187,0.0121033503308349,0.0129415220074959,0.0119384593340721,187,0.0119534520908931
188,0.0113686924861454,0.0122146419480865,0.0122306370432187,188,0.0124819786699006
189,0.0139375255963211,0.0130337795410119,0.0123157609746643,189,0.0123215321961703
190,0.0130100107641635,0.0128404849819726,0.0125577482036554,190,0.0123668064275414
191,0.0141898969703198,0.0140850264061706,0.0126244173248332,191,0.0166289018097238
192,0.0115156468239388,0.0129272216803188,0.0127032796462939,192,0.0354726967450964
193,0.0115831358462963,0.012344423051837,0.0126659614647073,193,0.017151603424358
194,0.0128149591433268,0.0136805810820421,0.0125317033872518,194,0.0123206872466632
195,0.0120490015977443,0.0128029188918072,0.01230318912996,195,0.0131903416745279
196,0.0146642980393128,0.0140565587267307,0.0123662875263223,196,0.0125303084819724
197,0.0103324761813126,0.0105490691422831,0.0124393253197764,197,0.011922024452701
198,0.012767667109429,0.0132002131030825,0.012225197526469,198,0.0123293892746129
199,0.0119961025673475,0.0120790468918406,0.0120659150531288,199,0.0120310551845149
200,0.0107622264920492,0.0119252077580944,0.01214839439991,200,0.0124507331793058
201,0.0123963623246449,0.0138991083928874,0.0121277121144822,201,0.0120627106983682
202,0.0122755356017085,0.0126864067074401,0.0126003318367953,202,0.0115142756143746
203,0.0135800836900453,0.0130615065646653,0.0127858649965607,203,0.0118888443931913
204,0.0114167531163457,0.0130497628256628,0.0132146757868779,204,0.0131748935800927
205,0.0145713344380953,0.0151036303929721,0.0132718754207069,205,0.0131793518087204
206,0.0124951542054662,0.0127977901046151,0.0134503210863707,206,0.0122286444643316
207,0.0154349506666946,0.0141755816900488,0.0133658053876166,207,0.0127026511269929
208,0.0135281352753837,0.0138653716709614,0.0131911510660707,208,0.0127625326328273
209,0.0113091670973466,0.0128837089860986,0.0127920743764305,209,0.0121975277099722
210,0.0120614134760767,0.0118178328531302,0.0123363358024562,210,0.0114258733901214
211,0.0110343683751425,0.0111588317617576,0.0121237712939394,211,0.0122770422425988
212,0.0127814642318631,0.0122188929544319,0.0118967485664805,212,0.0125363916546588
213,0.0106847908721487,0.0105388616452187,0.0116639038464327,213,0.012897328210511
214,0.0123204147201728,0.0118393841951772,0.0116082367658365,214,0.0130161070931737
215,0.0112859264994678,0.0108453449201342,0.0116698075688352,215,0.0127447099577933
216,0.0114858531916225,0.0108202630940277,0.0113627878317655,216,0.01217803050299
217,0.0104536672740936,0.00966517163347703,0.0116234768222224,217,0.0127528462592095
218,0.0131829064900711,0.0117560598857398,0.0117204339515916,218,0.0126848124525554
219,0.0105930338785898,0.0109024695572027,0.0119073721670692,219,0.0122476576872835
220,0.0122904835117394,0.0124489408864909,0.0119705857974225,220,0.0118597053313888
221,0.0129115608315493,0.0125329719947571,0.0124452873840575,221,0.0123871239277433
222,0.0124232723543979,0.0129404105512903,0.0123076345255077,222,0.0123614420434819
223,0.0123494905935915,0.013027047393751,0.0124375968497034,223,0.0122141922733323
224,0.0147217890705253,0.015098312189987,0.0125250638986758,224,0.0144535233222539
225,0.0118662563702425,0.0129065762286244,0.0122790243593252,225,0.0533267776237872
226,0.0115639018351992,0.0115512016549431,0.012318961544586,226,0.0327866950523894
227,0.0127582885806812,0.0129485280161134,0.0120252482186031,227,0.0130571599555676
228,0.011865257918348,0.0124928942074606,0.0121490451682575,228,0.0127087350117014
229,0.0107305735115274,0.0106758480955585,0.0121591340624253,229,0.01256776899108
230,0.0120580107040797,0.0123003688533986,0.012224009014985,230,0.0129523781695157
231,0.0121457085625569,0.0136614187131189,0.0121915515049933,231,0.0124035531574701
232,0.0138735644994044,0.014041537857388,0.0119808641109202,232,0.0121211809051908
233,0.0129168846904371,0.0116578975908038,0.0121136715671989,233,0.0118091699288106
234,0.0135572468055471,0.012084634910016,0.0121389889676535,234,0.0115909799242052
235,0.0109276388993811,0.0112228075645691,0.012349444132383,235,0.0123734702655285
236,0.0111877904940377,0.0112465852714106,0.012404529749817,236,0.0122701897070052
237,0.0117394919832642,0.0107109312145472,0.012375239876685,237,0.0125563722821983
238,0.0138004629370513,0.0123324905600634,0.0119863481780192,238,0.0127012567367914
239,0.0134856786678062,0.0131655210470274,0.012236813293203,239,0.01180652623773
240,0.0118514510564876,0.0110779633999586,0.012692355371428,240,0.0120900572466674
241,0.010948245751424,0.0104280048767313,0.0130799979984013,241,0.012825997137251
242,0.011547583934352,0.010081364101652,0.0131611654655761,242,0.0124501955521432
243,0.0153618016014232,0.0122985430833579,0.013036433272326,243,0.0124996340877422
244,0.011834225136927,0.0130610452034789,0.0130865876884544,244,0.0128293516706798
245,0.0138843756501647,0.0144577302913933,0.0129087936939685,245,0.0126535389506328
246,0.0141762438477788,0.0124767914204884,0.012946202190322,246,0.0125287131541349
247,0.0117107694473863,0.0110306000891021,0.0125748123704403,247,0.0131530823406738
248,0.0120314531151625,0.0111909120139137,0.0126952195571297,248,0.0120533412944616
249,0.0127559623207492,0.0119027364681627,0.012629414115866,249,0.0120021827085828
250,0.0125697102896567,0.0116842927857564,0.0128181324144089,250,0.0116845611867025
251,0.0120125093786748,0.011596838902347,0.0129938540158959,251,0.0120894887457642
252,0.0128468625149378,0.0130326474364416,0.0158487361716885,252,0.0123127962536002
253,0.0142187441233365,0.0136126981412308,0.0288519124484213,253,0.0124305062617399
254,0.011421573326624,0.0112273582026942,0.0293372484860643,254,0.0127849319648159
255,0.0117807117968406,0.026985919696825,0.0295951312140855,255,0.0124686149122313
256,0.137111360896583,0.103330518516182,0.0292782802382831,-1,nan
257,0.0118847730854506,0.027805846136939,0.0292630791559073,-1,nan
258,0.0118321801116189,0.0115552957446301,0.0291258017709042,-1,nan
259,0.0125067660708331,0.0117034074908718,0.0284231944216745,-1,nan
260,0.0130425787456206,0.0134476610198617,0.0158686174601055,-1,nan
261,0.0125520574197371,0.0125882400792995,0.0127356051250818,-1,nan
262,0.01031405447288,0.0104880168413872,0.0125523114764958,-1,nan
263,0.0125949101434873,0.0114776546289726,0.0126476324027934,-1,nan
264,0.0123363385476639,0.0113862207418327,0.0125718778810493,-1,nan
265,0.013197611539175,0.0133847378953706,0.0123499250157528,-1,nan
266,0.0148895108060516,0.0139356112615232,0.0122666716093186,-1,nan
267,0.0114038975919691,0.0116122596415,0.012493868608478,-1,nan
268,0.0124388437244329,0.011478950275664,0.0126262241640157,-1,nan
269,0.0109483669555747,0.0111331981458274,0.0125723134696164,-1,nan
270,0.0125913796348776,0.0125945640991909,0.0121537683196051,-1,nan
271,0.0118939916413939,0.0128778864653217,0.0123727019890839,-1,nan
272,0.0128875299109997,0.0138441757213684,0.0126227321516284,-1,nan
273,0.0115339095437474,0.0120146365772429,0.0125639159125771,-1,nan
274,0.0127470339011276,0.0133113533212646,0.0123257213863926,-1,nan
275,0.0128830863352553,0.0136842596251053,0.0122145698394783,-1,nan
276,0.0110064143717663,0.0106785573298883,0.012177122777266,-1,nan
277,0.0115792687874213,0.00927663874985607,0.0120133826916609,-1,nan
278,0.0114136150115662,0.0122783070723493,0.0119936559853239,-1,nan
279,0.0122111426993429,0.0133083856845944,0.0119090018795454,-1,nan
280,0.0120592308261139,0.0104009216378887,0.0120055560344076,-1,nan
281,0.0119433591261202,0.0120808537886072,0.0120895342094615,-1,nan
282,0.0134452276369658,0.0141623113741665,0.0123745091261148,-1,nan
283,0.0119529766637672,0.0136008162729467,0.0121590626195569,-1,nan
284,0.0118582088716866,0.01347455315518,0.0122259086191199,-1,nan
285,0.0118227137788458,0.0130597180264691,0.0122213445209882,-1,nan
286,0.0128309677584986,0.0140395764817719,0.0121382537940525,-1,nan
287,0.0127363044492955,0.0129162661125515,0.0120404629393293,-1,nan
288,0.0110751495712565,0.011936965766864,0.0118364794211278,-1,nan
289,0.012685413739737,0.0124629569066492,0.0120642517156968,-1,nan
290,0.011667447275091,0.0114110061297254,0.0116230190567037,-1,nan
291,0.0090799181036372,0.0106967610567331,0.0115550846996055,-1,nan
292,0.0150080794501098,0.0137799032562387,0.0119339073263617,-1,nan
293,0.0114328391889753,0.0114407465849254,0.0118817109993935,-1,nan
294,0.011448881671039,0.0114447660639133,0.0120126093296393,-1,nan
295,0.0143419829320354,0.013581912945884,0.0125610543335682,-1,nan
296,0.0130044019160508,0.0129951748171059,0.012094625589225,-1,nan
297,0.0113317012873269,0.0121911296243408,0.0124505461359611,-1,nan
298,0.0132277302454247,0.0124918451381097,0.0123960455777131,-1,nan
299,0.0128659652726337,0.0118747031057217,0.0120784523716503,-1,nan
300,0.0117380653852301,0.0131380833772552,0.0119797769692963,-1,nan
301,0.0115634242890572,0.0124038329880836,0.0122653226294919,-1,nan
302,0.0126324294091558,0.0109129075983863,0.0120099805459077,-1,nan
303,0.0110519695670157,0.0108642707989962,0.012134074568202,-1,nan
304,0.0116716194582995,0.0117878184664865,0.0123022347414009,-1,nan
305,0.0123123669194471,0.0112458087235592,0.0120931093003804,-1,nan
306,0.0133845712110292,0.011874981008539,0.0121964738974827,-1,nan
307,0.0126948946759009,0.0119077401890267,0.0122054924714397,-1,nan
308,0.0101826234820606,0.0122728740955679,0.011882316897003,-1,nan
309,0.0132964026748841,0.012420314356283,0.0118409783333506,-1,nan
310,0.0116707129237058,0.00965935200333043,0.0118874362034606,-1,nan
311,0.00934698477357182,0.00951351276205852,0.0115494137632492,-1,nan
312,0.013100647572436,0.0127215107727802,0.0115866375772703,-1,nan
313,0.00974346852702973,0.0114193433335709,0.0115022562513882,-1,nan
314,0.0103057121356372,0.0114875338235476,0.0117263618788344,-1,nan
315,0.0123035050405234,0.012168125406904,0.0122821133493163,-1,nan
316,0.0127300393123326,0.0118329923327515,0.0121929924869989,-1,nan
317,0.0129588797330337,0.0122038391504568,0.0123312579467131,-1,nan
318,0.0122390660113855,0.013193109676342,0.0122606618907615,-1,nan
319,0.0128867442825573,0.0123071378739628,0.0121533606440663,-1,nan
320,0.0120233395844332,0.0121666240704552,0.0120567003429497,-1,nan
321,0.0105241111108782,0.0109223000205131,0.0116686116342585,-1,nan
322,0.0120679349560363,0.0115646056860153,0.0117595276275577,-1,nan
323,0.0107234486412193,0.0110142299462531,0.0114669694500688,-1,nan
324,0.00949202981217083,0.0103149465344514,0.0117656830290673,-1,nan
325,0.0121520407794077,0.0124750475926306,0.0116566955380887,-1,nan
326,0.0115786026158267,0.0124673169861772,0.0118010447563092,-1,nan
327,0.0134567997240294,0.0129399252407761,0.0119236429557875,-1,nan
328,0.0118976781854173,0.0121898095070106,0.0122912168854724,-1,nan
329,0.0122174057344639,0.0119201315344933,0.012233443787072,-1,nan
330,0.0133297635441147,0.0129321746074026,0.0123587854684299,-1,nan
331,0.0123802247301752,0.0128142877282342,0.0122327053434488,-1,nan
332,0.0116537528662091,0.0127246921214467,0.0122372796662347,-1,nan
333,0.0118377407882359,0.012832717606103,0.0121590282793335,-1,nan
334,0.0118986247621204,0.0121687009948505,0.0118694187965426,-1,nan
335,0.0118876762031618,0.011407107189747,0.0117026154634685,-1,nan
336,0.0122470360172951,0.0116037118634281,0.011927073847857,-1,nan
337,0.0103663772511801,0.0106107306177081,0.0118277459348829,-1,nan
338,0.0113111364755846,0.0106881031656043,0.0115391399245776,-1,nan
339,0.012743087186478,0.01261000602868,0.0117604208785012,-1,nan
340,0.0120906917404364,0.0120941616041799,0.0115188227695374,-1,nan
341,0.0108607754947612,0.0116298594271042,0.0118037739241694,-1,nan
342,0.0139617155207412,0.0117190849302188,0.0119995438493518,-1,nan
343,0.0121468479141104,0.0110277436898207,0.0118999643098019,-1,nan
344,0.0102910443534513,0.0103370245820547,0.0120708591647014,-1,nan
345,0.0138272845839814,0.0126739864663614,0.0123316467073606,-1,nan
346,0.0128249922946406,0.0130041762674871,0.0120281798765703,-1,nan
347,0.0126962526519656,0.0120386882456328,0.0122407896772735,-1,nan
348,0.0133611096494688,0.0116676180794075,0.0126804784881309,-1,nan
349,0.0108777992102018,0.0110091339958444,0.012506643070145,-1,nan
350,0.0131255854236693,0.0133626213298324,0.012126628673998,-1,nan
351,0.0126234306168803,0.013725866971532,0.0119089416960243,-1,nan
352,0.0128701940258289,0.013878648370815,0.0115860322835752,-1,nan
353,0.0107938071064233,0.0104523331047413,0.01145271760386,-1,nan
354,0.0104903582349014,0.00979776226054046,0.0111585950430658,-1,nan
355,0.0114184014879702,0.00877744045359241,0.0112912363660154,-1,nan
356,0.0109201949831773,0.00918010737197827,0.0110780638174804,-1,nan
357,0.0102652037828403,0.0102419364282318,0.011179209519307,-1,nan
358,0.0136570980669853,0.0127511454218006,0.0115884231676231,-1,nan
359,0.0110107462662793,0.0120304039712468,0.0112380682159562,-1,nan
360,0.0115163459950021,0.0120270619065733,0.0114580530364367,-1,nan
361,0.0118190340140272,0.0104289141605555,0.011862549251078,-1,nan
362,0.0105210120119546,0.00899567781382888,0.0120754704547613,-1,nan
363,0.0122882262889972,0.0121864764792392,0.0123045890923889,-1,nan
364,0.0119743746581118,0.013003633067802,0.0120225713672544,-1,nan
365,0.013681025689076,0.0137776218392029,0.0122313228582532,-1,nan
366,0.0128309700097243,0.0136596373092353,0.0124535163273986,-1,nan
367,0.0117333372725444,0.0105238142554114,0.0124328035513033,-1,nan
368,0.0132160670270286,0.0122619998726887,0.0120547644176368,-1,nan
369,0.011496420108382,0.0122809876502031,0.0123789552492833,-1,nan
370,0.0135238317484452,0.0112184811511742,0.0123024102558845,-1,nan
371,0.0102175169986323,0.00891315167404134,0.0123256383643573,-1,nan
372,0.0124040043437433,0.0116731062141476,0.0119731286734414,-1,nan
373,0.0132033194565572,0.0121318643941363,0.0118461561829236,-1,nan
374,0.012958193869284,0.0115940272615686,0.0117478050855622,-1,nan
375,0.0104484861253578,0.00965360306726513,0.0121380108081561,-1,nan
376,0.0102596073542717,0.00941236825635192,0.0121628294392965,-1,nan
377,0.0119646062368132,0.0116609597690546,0.0121818139443006,-1,nan
378,0.013862131850549,0.0144644631652971,0.0122179866267124,-1,nan
379,0.0130136771247991,0.015066488986756,0.0126092982879761,-1,nan
380,0.0129037703990689,0.0143397395573963,0.0127656213761181,-1,nan
381,0.0133046450075807,0.0141033213452152,0.013074727400982,-1,nan
382,0.0142386193625109,0.0145932882466796,0.0129536550382105,-1,nan
383,0.0117284344329991,0.012423226885594,0.0131423703368829,-1,nan
384,0.0129443487226638,0.01343356541576,0.0130010723173008,-1,nan
385,0.0125491992572418,0.0129192698382509,0.0130891017167692,-1,nan
386,0.0126023093883158,0.0132431542087976,0.0127109225635196,-1,nan
387,0.0137830573271758,0.0129205502362244,0.0122677680831173,-1,nan
388,0.0137928384658417,0.012794675805944,0.0122153990129094,-1,nan
389,0.0116849325529813,0.0123313934521474,0.0120070762148378,-1,nan
390,0.010576851060099,0.0102866229469805,0.011737189035555,-1,nan
391,0.0109902324086096,0.0114310005433105,0.0116137690874467,-1,nan
392,0.0119740854733417,0.0131028801658171,0.0113667741124715,-1,nan
393,0.0117368078875272,0.0110924629299998,0.0115149061497729,-1,nan
394,0.0115583480660902,0.0117203313264246,0.0118240698861618,-1,nan
395,0.0124188897885492,0.0124454368849613,0.0121551519310537,-1,nan
396,0.0120484818743881,0.0117110100558588,0.0120719103040999,-1,nan
397,0.0134738532758306,0.0132413264243642,0.0124800556302344,-1,nan
398,0.011315537312915,0.0114276536947763,0.0126660266220944,-1,nan
399,0.0128038523237497,0.0113359820570257,0.0126654005042691,-1,nan
400,0.0136009316576077,0.0120738190575359,0.012755644685247,-1,nan
401,0.0134822818363816,0.0127365796849798,0.0125600998647358,-1,nan
402,0.0121838600948136,0.0126963992431675,0.012723172422879,-1,nan
403,0.0121159780367896,0.0125313627854413,0.0126434856928822,-1,nan
404,0.0119952284473495,0.0115677979304752,0.0127373827581902,-1,nan
405,0.0115211468140241,0.0113874503206664,0.0128549638688243,-1,nan
406,0.012772285071698,0.0120943182519027,0.0127814515982446,-1,nan
407,0.0134958932445166,0.0129855618668071,0.0130097314661463,-1,nan
408,0.0145676723571503,0.014533860982912,0.01285937948595,-1,nan
409,0.0125747868349039,0.0132331678627323,0.0128975016570347,-1,nan
410,0.0138322537095211,0.0136030679020917,0.0124113532878041,-1,nan
411,0.012179676976533,0.01156635748353,0.0123862649933046,-1,nan
412,0.0111621300290907,0.0108941331764754,0.012018580799755,-1,nan
413,0.0118633718751267,0.0120442289356718,0.0117218888691637,-1,nan
414,0.0121133036293509,0.0121040537042807,0.0115574351956378,-1,nan
415,0.0120846093720765,0.0125203906067954,0.012076693923953,-1,nan
416,0.0120088799375613,0.011352305580319,0.0124104110964631,-1,nan
417,0.0122242634679436,0.0114384816242729,0.0124389415634167,-1,nan
418,0.0144119078926353,0.0133073482971455,0.0128953902008592,-1,nan
419,0.0115084170702087,0.0127921805324178,0.0128375923369205,-1,nan
420,0.0122722112701416,0.013197532242009,0.0130522296400008,-1,nan
421,0.0151507069778277,0.0151399087168061,0.0128724833433588,-1,nan
422,0.0104673184884994,0.0126435532689688,0.0126216813728547,-1,nan
423,0.0126464368887923,0.0128933479518681,0.0124542760717651,-1,nan
424,0.0124419264154432,0.0120700388208773,0.012412648567244,-1,nan
425,0.0130718823172832,0.0130065188937949,0.0120555519162091,-1,nan
426,0.0107885416965212,0.0115769871939134,0.0122711362727637,-1,nan
427,0.0130202237308644,0.0113325912993511,0.0122718781743508,-1,nan
428,0.0112126554794029,0.0122746156264419,0.0119286554486573,-1,nan
429,0.0117932502603121,0.0126212332825788,0.0119843266022064,-1,nan
430,0.0136839016059896,0.0132855795350263,0.0122633342134275,-1,nan
431,0.0111712832258463,0.0112386461293137,0.0126624894889587,-1,nan
432,0.0123519832188086,0.0115474117690404,0.0125976259455742,-1,nan
433,0.0124301423059933,0.0135296756137715,0.0126167593671293,-1,nan
434,0.0144607911143102,0.0153554796852651,0.0125718289605904,-1,nan
435,0.0120715998688443,0.0117405226641921,0.0125696314931132,-1,nan
436,0.0118955967868621,0.0105861700991169,0.0124606132270098,-1,nan
437,0.012151672082256,0.0110347616688088,0.0125422902274472,-1,nan
438,0.0117254816074218,0.0112437982016337,0.0117911156448033,-1,nan
439,0.0107848549791004,0.0106546289807036,0.0116061193460689,-1,nan
440,0.01325993157034,0.0123897907805266,0.0119278902750227,-1,nan
441,0.00895365070814962,0.0109342440800549,0.0118332774141064,-1,nan
442,0.0124756445316044,0.0126551443031871,0.0120223984647941,-1,nan
443,0.0125284858040098,0.0122670401170447,0.0122072863252357,-1,nan
444,0.0115487312736892,0.011711050461136,0.0123766206978639,-1,nan
445,0.0132535160130092,0.0130618923803558,0.0125922509343559,-1,nan
446,0.0138336669429483,0.0145970720214782,0.0125926406218555,-1,nan
447,0.0125145462905186,0.0140287613282251,0.0125980129682257,-1,nan
448,0.0138639850274314,0.0132069663399041,0.0123475487180868,-1,nan
449,0.0112168911415338,0.011146095331617,0.0124359152781958,-1,nan
450,0.0118948923150472,0.0118138237562065,0.0122136426325753,-1,nan
451,0.0105448150163151,0.0122021379150378,0.0122698499288515,-1,nan
452,0.0130139415040692,0.0144425100897529,0.0123444889406177,-1,nan
453,0.0124314323620957,0.0121131604874458,0.0123267436660753,-1,nan
454,0.0131837684355876,0.0121801033365916,0.0123330378757031,-1,nan
455,0.0129937323930496,0.013279549038759,0.0128147066986142,-1,nan
456,0.0112514545082479,0.0109080860407648,0.0127653581778744,-1,nan
457,0.0113333115606936,0.0102716266909604,0.0123225093589912,-1,nan
458,0.0144003667518945,0.01362080807012,0.0123485602306544,-1,nan
459,0.0134466875967473,0.0126872216166849,0.0123020846357494,-1,nan
460,0.0106744411193761,0.0104722697939659,0.0121154659833689,-1,nan
461,0.0128654258607912,0.0122232744707689,0.0123139581312754,-1,nan
462,0.0129203678778361,0.0134014536747412,0.0122144961402498,-1,nan
463,0.011627965423587,0.012670770549598,0.0119332357745644,-1,nan
464,0.0113649167778068,0.0107695494547605,0.0119088337763187,-1,nan
465,0.0129088856630458,0.0123875550918899,0.0119128394381423,-1,nan
466,0.0106529006104827,0.0114886332710296,0.0116882965596617,-1,nan
467,0.0113880471023075,0.0117547494541407,0.0118414728805958,-1,nan
468,0.0132095055818148,0.0131047908595075,0.0120353756777156,-1,nan
469,0.0108906599431741,0.011704608824165,0.0119539000385343,-1,nan
470,0.0130000783580068,0.0122251100103077,0.0117398174091259,-1,nan
471,0.0118275397580294,0.0125817130964151,0.0121648416270156,-1,nan
472,0.0138218310216523,0.0122010184566832,0.012148562650609,-1,nan
473,0.0108581275038282,0.0100032167793907,0.0121602148926978,-1,nan
474,0.0126151261903431,0.0125500643878144,0.0120529968041698,-1,nan
475,0.0118045889151485,0.0111370394083792,0.0120685103988089,-1,nan
476,0.0122482804430442,0.0114413709212252,0.0119494543044572,-1,nan
477,0.0131848472826817,0.0124347249198483,0.0123589461119176,-1,nan
478,0.00987606553168986,0.010688212535512,0.0126531629950397,-1,nan
479,0.0124110924849196,0.0131536478837446,0.0123121737642498,-1,nan
480,0.0136625813151437,0.0140090879709679,0.0122661232791974,-1,nan
481,0.0163483154098216,0.0141474197890093,0.0120663509893832,-1,nan
482,0.0106331811531621,0.0112903222885226,0.0125338573888415,-1,nan
483,0.0118172222952602,0.0124574347906935,0.0123640170220348,-1,nan
484,0.0115094649722613,0.011513859411501,0.0124098905149693,-1,nan
485,0.0125764409993018,0.0126992448723988,0.0125118463132065,-1,nan
486,0.0109041808806858,0.0108801707627038,0.0128960438762587,-1,nan
487,0.0136911577979559,0.0127407055433391,0.0129862388666089,-1,nan
488,0.0149420019559761,0.0146175693572197,0.0126428532359979,-1,nan
489,0.0136001052000992,0.0146782684352415,0.0126924931759144,-1,nan
490,0.012832785578017,0.0137750495678204,0.0129107707213592,-1,nan
491,0.0118011496936281,0.0120753106152348,0.0122975830982513,-1,nan
492,0.0115410606853414,0.0101762324978543,0.0117860566566801,-1,nan
493,0.0114704860201724,0.0111596692286098,0.01147243551245,-1,nan
494,0.0107894246404908,0.0105481809121823,0.0116778107179805,-1,nan
495,0.0107638201028432,0.00989524382517294,0.0117000053512324,-1,nan
496,0.012331868192019,0.0121100898826091,0.0117981496227207,-1,nan
497,0.0136070655648404,0.0135870896789268,0.011948137088282,-1,nan
498,0.0132022608645975,0.0126768818330257,0.0120408713929824,-1,nan
499,0.0112533947180638,0.0111136153769175,0.0124889181249858,-1,nan
500,0.0102042653129658,0.0104909209894912,0.0123081974540116,-1,nan
501,0.013299371485264,0.0135492620454158,0.0120483597221705,-1,nan
502,0.0135144629460876,0.0130734140346719,0.0118086125438659,-1,nan
503,0.0111067132888343,0.0126076090379274,0.0118717793281103,-1,nan
504,0.0135803300827378,0.014048531312032,0.012119976557542,-1,nan
505,0.0113839044649554,0.0116674634946036,0.0120259809921802,-1,nan
506,0.0113621907024752,0.0118320227483974,0.0118203712348088,-1,nan
507,0.0126123738973413,0.0132951079594974,0.0122538321716854,-1,nan
508,0.0126478980220515,0.0129064143890549,0.0123958452704591,-1,nan
509,0.0118989926263828,0.0126090790450415,0.0124003059383112,-1,nan
510,0.0128251728517265,0.0143907792164202,0.0130002259198836,-1,nan
511,0.0144103735193571,0.0133490074878176,0.0131005981866204,-1,nan
512,0.011710583844531,0.0110220413840034,0.0128067338857542,-1,nan
513,0.0144103735193571,0.0133490074878176,0.0131005981866204,-1,nan
514,0.0128251728517265,0.0143907792164202,0.0130002259198836,-1,nan
515,0.0118989926263828,0.0126090790450415,0.0124003059383112,-1,nan
516,0.0126478980220515,0.0129064143890549,0.0123958452704591,-1,nan
517,0.0126123738973413,0.0132951079594974,0.0122538321716854,-1,nan
518,0.0113621907024752,0.0118320227483974,0.0118203712348088,-1,nan
519,0.0113839044649554,0.0116674634946036,0.0120259809921802,-1,nan
520,0.0135803300827378,0.014048531312032,0.012119976557542,-1,nan
521,0.0111067132888343,0.0126076090379274,0.0118717793281103,-1,nan
522,0.0135144629460876,0.0130734140346719,0.0118086125438659,-1,nan
523,0.013299371485264,0.0135492620454158,0.0120483597221705,-1,nan
524,0.0102042653129658,0.0104909209894912,0.0123081974540116,-1,nan
525,0.0112533947180638,0.0111136153769175,0.0124889181249858,-1,nan
526,0.0132022608645975,0.0126768818330257,0.0120408713929823,-1,nan
527,0.0136070655648404,0.0135870896789268,0.011948137088282,-1,nan
528,0.012331868192019,0.0121100898826091,0.0117981496227207,-1,nan
529,0.0107638201028432,0.00989524382517294,0.0117000053512324,-1,nan
530,0.0107894246404908,0.0105481809121823,0.0116778107179805,-1,nan
531,0.0114704860201724,0.0111596692286098,0.01147243551245,-1,nan
532,0.0115410606853414,0.0101762324978543,0.0117860566566801,-1,nan
533,0.0118011496936281,0.0120753106152348,0.0122975830982512,-1,nan
534,0.012832785578017,0.0137750495678204,0.0129107707213592,-1,nan
535,0.0136001052000992,0.0146782684352415,0.0126924931759144,-1,nan
536,0.0149420019559761,0.0146175693572197,0.0126428532359979,-1,nan
537,0.0136911577979559,0.0127407055433391,0.0129862388666089,-1,nan
538,0.0109041808806858,0.0108801707627038,0.0128960438762587,-1,nan
539,0.0125764409993018,0.0126992448723988,0.0125118463132065,-1,nan
540,0.0115094649722613,0.011513859411501,0.0124098905149693,-1,nan
541,0.0118172222952602,0.0124574347906935,0.0123640170220348,-1,nan
542,0.0106331811531621,0.0112903222885226,0.0125338573888415,-1,nan
543,0.0163483154098216,0.0141474197890093,0.0120663509893832,-1,nan
544,0.0136625813151437,0.0140090879709679,0.0122661232791974,-1,nan
545,0.0124110924849196,0.0131536478837446,0.0123121737642498,-1,nan
546,0.00987606553168986,0.010688212535512,0.0126531629950397,-1,nan
547,0.0131848472826817,0.0124347249198483,0.0123589461119176,-1,nan
548,0.0122482804430442,0.0114413709212252,0.0119494543044572,-1,nan
549,0.0118045889151485,0.0111370394083792,0.0120685103988089,-1,nan
550,0.0126151261903431,0.0125500643878144,0.0120529968041698,-1,nan
551,0.0108581275038282,0.0100032167793907,0.0121602148926978,-1,nan
552,0.0138218310216523,0.0122010184566832,0.012148562650609,-1,nan
553,0.0118275397580294,0.0125817130964151,0.0121648416270156,-1,nan
554,0.0130000783580068,0.0122251100103077,0.0117398174091259,-1,nan
555,0.0108906599431741,0.011704608824165,0.0119539000385343,-1,nan
556,0.0132095055818148,0.0131047908595075,0.0120353756777156,-1,nan
557,0.0113880471023075,0.0117547494541407,0.0118414728805958,-1,nan
558,0.0106529006104827,0.0114886332710296,0.0116882965596616,-1,nan
559,0.0129088856630458,0.0123875550918899,0.0119128394381423,-1,nan
560,0.0113649167778068,0.0107695494547605,0.0119088337763187,-1,nan
561,0.011627965423587,0.012670770549598,0.0119332357745644,-1,nan
562,0.0129203678778361,0.0134014536747412,0.0122144961402498,-1,nan
563,0.0128654258607912,0.0122232744707689,0.0123139581312754,-1,nan
564,0.0106744411193761,0.0104722697939659,0.0121154659833689,-1,nan
565,0.0134466875967473,0.0126872216166849,0.0123020846357494,-1,nan
566,0.0144003667518945,0.01362080807012,0.0123485602306544,-1,nan
567,0.0113333115606935,0.0102716266909604,0.0123225093589912,-1,nan
568,0.0112514545082479,0.0109080860407647,0.0127653581778744,-1,nan
569,0.0129937323930496,0.013279549038759,0.0128147066986142,-1,nan
570,0.0131837684355876,0.0121801033365916,0.0123330378757031,-1,nan
571,0.0124314323620957,0.0121131604874458,0.0123267436660753,-1,nan
572,0.0130139415040692,0.0144425100897529,0.0123444889406177,-1,nan
573,0.0105448150163151,0.0122021379150378,0.0122698499288515,-1,nan
574,0.0118948923150472,0.0118138237562065,0.0122136426325753,-1,nan
575,0.0112168911415338,0.011146095331617,0.0124359152781958,-1,nan
576,0.0138639850274314,0.0132069663399041,0.0123475487180868,-1,nan
577,0.0125145462905186,0.0140287613282251,0.0125980129682257,-1,nan
578,0.0138336669429483,0.0145970720214782,0.0125926406218555,-1,nan
579,0.0132535160130092,0.0130618923803558,0.0125922509343559,-1,nan
580,0.0115487312736892,0.011711050461136,0.0123766206978639,-1,nan
581,0.0125284858040098,0.0122670401170447,0.0122072863252357,-1,nan
582,0.0124756445316044,0.0126551443031871,0.0120223984647941,-1,nan
583,0.00895365070814962,0.0109342440800549,0.0118332774141064,-1,nan
584,0.01325993157034,0.0123897907805266,0.0119278902750227,-1,nan
585,0.0107848549791004,0.0106546289807036,0.0116061193460689,-1,nan
586,0.0117254816074218,0.0112437982016337,0.0117911156448033,-1,nan
587,0.012151672082256,0.0110347616688088,0.0125422902274472,-1,nan
588,0.0118955967868621,0.010586170099117,0.0124606132270098,-1,nan
589,0.0120715998688443,0.0117405226641921,0.0125696314931132,-1,nan
590,0.0144607911143102,0.0153554796852651,0.0125718289605904,-1,nan
591,0.0124301423059933,0.0135296756137715,0.0126167593671293,-1,nan
592,0.0123519832188086,0.0115474117690404,0.0125976259455742,-1,nan
593,0.0111712832258463,0.0112386461293137,0.0126624894889587,-1,nan
594,0.0136839016059896,0.0132855795350263,0.0122633342134275,-1,nan
595,0.0117932502603121,0.0126212332825788,0.0119843266022064,-1,nan
596,0.0112126554794029,0.0122746156264419,0.0119286554486573,-1,nan
597,0.0130202237308644,0.0113325912993511,0.0122718781743508,-1,nan
598,0.0107885416965212,0.0115769871939134,0.0122711362727637,-1,nan
599,0.0130718823172832,0.0130065188937949,0.0120555519162091,-1,nan
600,0.0124419264154432,0.0120700388208773,0.012412648567244,-1,nan
601,0.0126464368887923,0.0128933479518681,0.0124542760717651,-1,nan
602,0.0104673184884994,0.0126435532689688,0.0126216813728547,-1,nan
603,0.0151507069778277,0.0151399087168061,0.0128724833433588,-1,nan
604,0.0122722112701416,0.013197532242009,0.0130522296400008,-1,nan
605,0.0115084170702087,0.0127921805324178,0.0128375923369205,-1,nan
606,0.0144119078926353,0.0133073482971454,0.0128953902008592,-1,nan
607,0.0122242634679436,0.0114384816242729,0.0124389415634167,-1,nan
608,0.0120088799375613,0.011352305580319,0.0124104110964631,-1,nan
609,0.0120846093720765,0.0125203906067954,0.012076693923953,-1,nan
610,0.0121133036293509,0.0121040537042807,0.0115574351956378,-1,nan
611,0.0118633718751267,0.0120442289356718,0.0117218888691637,-1,nan
612,0.0111621300290907,0.0108941331764754,0.012018580799755,-1,nan
613,0.012179676976533,0.01156635748353,0.0123862649933046,-1,nan
614,0.0138322537095211,0.0136030679020917,0.0124113532878041,-1,nan
615,0.0125747868349039,0.0132331678627323,0.0128975016570347,-1,nan
616,0.0145676723571503,0.014533860982912,0.01285937948595,-1,nan
617,0.0134958932445166,0.0129855618668071,0.0130097314661463,-1,nan
618,0.012772285071698,0.0120943182519027,0.0127814515982446,-1,nan
619,0.0115211468140241,0.0113874503206664,0.0128549638688243,-1,nan
620,0.0119952284473495,0.0115677979304752,0.0127373827581902,-1,nan
621,0.0121159780367896,0.0125313627854413,0.0126434856928822,-1,nan
622,0.0121838600948136,0.0126963992431675,0.012723172422879,-1,nan
623,0.0134822818363816,0.0127365796849798,0.0125600998647358,-1,nan
624,0.0136009316576077,0.0120738190575359,0.012755644685247,-1,nan
625,0.0128038523237497,0.0113359820570257,0.0126654005042691,-1,nan
626,0.011315537312915,0.0114276536947763,0.0126660266220944,-1,nan
627,0.0134738532758306,0.0132413264243642,0.0124800556302344,-1,nan
628,0.0120484818743881,0.0117110100558588,0.0120719103040999,-1,nan
629,0.0124188897885492,0.0124454368849613,0.0121551519310537,-1,nan
630,0.0115583480660902,0.0117203313264246,0.0118240698861618,-1,nan
631,0.0117368078875272,0.0110924629299998,0.0115149061497729,-1,nan
632,0.0119740854733417,0.0131028801658171,0.0113667741124715,-1,nan
633,0.0109902324086096,0.0114310005433105,0.0116137690874467,-1,nan
634,0.010576851060099,0.0102866229469805,0.011737189035555,-1,nan
635,0.0116849325529813,0.0123313934521474,0.0120070762148378,-1,nan
636,0.0137928384658417,0.012794675805944,0.0122153990129094,-1,nan
637,0.0137830573271758,0.0129205502362243,0.0122677680831173,-1,nan
638,0.0126023093883158,0.0132431542087976,0.0127109225635196,-1,nan
639,0.0125491992572418,0.0129192698382509,0.0130891017167692,-1,nan
640,0.0129443487226638,0.01343356541576,0.0130010723173008,-1,nan
641,0.0117284344329991,0.012423226885594,0.0131423703368829,-1,nan
642,0.0142386193625109,0.0145932882466796,0.0129536550382105,-1,nan
643,0.0133046450075807,0.0141033213452152,0.013074727400982,-1,nan
644,0.0129037703990689,0.0143397395573963,0.0127656213761181,-1,nan
645,0.0130136771247991,0.015066488986756,0.0126092982879761,-1,nan
646,0.013862131850549,0.0144644631652971,0.0122179866267124,-1,nan
647,0.0119646062368132,0.0116609597690546,0.0121818139443006,-1,nan
648,0.0102596073542717,0.00941236825635193,0.0121628294392965,-1,nan
649,0.0104484861253578,0.00965360306726513,0.0121380108081561,-1,nan
650,0.012958193869284,0.0115940272615686,0.0117478050855622,-1,nan
651,0.0132033194565572,0.0121318643941363,0.0118461561829236,-1,nan
652,0.0124040043437433,0.0116731062141476,0.0119731286734414,-1,nan
653,0.0102175169986323,0.00891315167404134,0.0123256383643573,-1,nan
654,0.0135238317484452,0.0112184811511742,0.0123024102558845,-1,nan
655,0.011496420108382,0.0122809876502031,0.0123789552492833,-1,nan
656,0.0132160670270286,0.0122619998726887,0.0120547644176368,-1,nan
657,0.0117333372725444,0.0105238142554114,0.0124328035513033,-1,nan
658,0.0128309700097243,0.0136596373092353,0.0124535163273986,-1,nan
659,0.013681025689076,0.0137776218392029,0.0122313228582532,-1,nan
660,0.0119743746581118,0.013003633067802,0.0120225713672544,-1,nan
661,0.0122882262889972,0.0121864764792392,0.0123045890923889,-1,nan
662,0.0105210120119546,0.00899567781382888,0.0120754704547613,-1,nan
663,0.0118190340140272,0.0104289141605555,0.011862549251078,-1,nan
664,0.0115163459950021,0.0120270619065733,0.0114580530364367,-1,nan
665,0.0110107462662793,0.0120304039712468,0.0112380682159562,-1,nan
666,0.0136570980669853,0.0127511454218006,0.0115884231676231,-1,nan
667,0.0102652037828403,0.0102419364282318,0.011179209519307,-1,nan
668,0.0109201949831773,0.00918010737197827,0.0110780638174804,-1,nan
669,0.0114184014879702,0.00877744045359241,0.0112912363660154,-1,nan
670,0.0104903582349014,0.00979776226054047,0.0111585950430658,-1,nan
671,0.0107938071064233,0.0104523331047414,0.01145271760386,-1,nan
672,0.0128701940258289,0.013878648370815,0.0115860322835752,-1,nan
673,0.0126234306168803,0.013725866971532,0.0119089416960243,-1,nan
674,0.0131255854236693,0.0133626213298324,0.012126628673998,-1,nan
675,0.0108777992102018,0.0110091339958444,0.012506643070145,-1,nan
676,0.0133611096494688,0.0116676180794075,0.0126804784881309,-1,nan
677,0.0126962526519656,0.0120386882456328,0.0122407896772735,-1,nan
678,0.0128249922946406,0.0130041762674871,0.0120281798765703,-1,nan
679,0.0138272845839814,0.0126739864663614,0.0123316467073606,-1,nan
680,0.0102910443534513,0.0103370245820547,0.0120708591647014,-1,nan
681,0.0121468479141104,0.0110277436898207,0.0118999643098019,-1,nan
682,0.0139617155207412,0.0117190849302188,0.0119995438493518,-1,nan
683,0.0108607754947612,0.0116298594271042,0.0118037739241694,-1,nan
684,0.0120906917404364,0.0120941616041799,0.0115188227695374,-1,nan
685,0.012743087186478,0.01261000602868,0.0117604208785012,-1,nan
686,0.0113111364755846,0.0106881031656042,0.0115391399245776,-1,nan
687,0.0103663772511801,0.0106107306177081,0.0118277459348829,-1,nan
688,0.0122470360172951,0.0116037118634281,0.011927073847857,-1,nan
689,0.0118876762031618,0.011407107189747,0.0117026154634685,-1,nan
690,0.0118986247621204,0.0121687009948505,0.0118694187965426,-1,nan
691,0.0118377407882359,0.012832717606103,0.0121590282793335,-1,nan
692,0.0116537528662091,0.0127246921214467,0.0122372796662347,-1,nan
693,0.0123802247301752,0.0128142877282342,0.0122327053434488,-1,nan
694,0.0133297635441147,0.0129321746074026,0.0123587854684299,-1,nan
695,0.0122174057344639,0.0119201315344933,0.012233443787072,-1,nan
696,0.0118976781854173,0.0121898095070106,0.0122912168854724,-1,nan
697,0.0134567997240294,0.0129399252407761,0.0119236429557875,-1,nan
698,0.0115786026158267,0.0124673169861772,0.0118010447563092,-1,nan
699,0.0121520407794077,0.0124750475926306,0.0116566955380887,-1,nan
700,0.00949202981217083,0.0103149465344514,0.0117656830290673,-1,nan
701,0.0107234486412193,0.0110142299462531,0.0114669694500688,-1,nan
702,0.0120679349560363,0.0115646056860153,0.0117595276275578,-1,nan
703,0.0105241111108782,0.0109223000205131,0.0116686116342585,-1,nan
704,0.0120233395844332,0.0121666240704552,0.0120567003429497,-1,nan
705,0.0128867442825573,0.0123071378739628,0.0121533606440663,-1,nan
706,0.0122390660113854,0.013193109676342,0.0122606618907615,-1,nan
707,0.0129588797330337,0.0122038391504568,0.0123312579467131,-1,nan
708,0.0127300393123326,0.0118329923327516,0.0121929924869989,-1,nan
709,0.0123035050405234,0.012168125406904,0.0122821133493163,-1,nan
710,0.0103057121356372,0.0114875338235476,0.0117263618788344,-1,nan
711,0.00974346852702973,0.0114193433335709,0.0115022562513882,-1,nan
712,0.013100647572436,0.0127215107727802,0.0115866375772703,-1,nan
713,0.00934698477357182,0.00951351276205852,0.0115494137632492,-1,nan
714,0.0116707129237058,0.00965935200333043,0.0118874362034606,-1,nan
715,0.0132964026748841,0.012420314356283,0.0118409783333506,-1,nan
716,0.0101826234820606,0.0122728740955679,0.011882316897003,-1,nan
717,0.0126948946759009,0.0119077401890267,0.0122054924714397,-1,nan
718,0.0133845712110292,0.011874981008539,0.0121964738974827,-1,nan
719,0.0123123669194471,0.0112458087235592,0.0120931093003804,-1,nan
720,0.0116716194582995,0.0117878184664865,0.0123022347414009,-1,nan
721,0.0110519695670157,0.0108642707989962,0.012134074568202,-1,nan
722,0.0126324294091558,0.0109129075983863,0.0120099805459077,-1,nan
723,0.0115634242890572,0.0124038329880836,0.0122653226294919,-1,nan
724,0.0117380653852301,0.0131380833772552,0.0119797769692963,-1,nan
725,0.0128659652726337,0.0118747031057217,0.0120784523716503,-1,nan
726,0.0132277302454247,0.0124918451381097,0.0123960455777131,-1,nan
727,0.0113317012873269,0.0121911296243408,0.0124505461359611,-1,nan
728,0.0130044019160508,0.0129951748171059,0.012094625589225,-1,nan
729,0.0143419829320354,0.013581912945884,0.0125610543335682,-1,nan
730,0.011448881671039,0.0114447660639133,0.0120126093296393,-1,nan
731,0.0114328391889753,0.0114407465849254,0.0118817109993935,-1,nan
732,0.0150080794501098,0.0137799032562387,0.0119339073263617,-1,nan
733,0.0090799181036372,0.0106967610567331,0.0115550846996055,-1,nan
734,0.011667447275091,0.0114110061297254,0.0116230190567037,-1,nan
735,0.012685413739737,0.0124629569066492,0.0120642517156968,-1,nan
736,0.0110751495712565,0.011936965766864,0.0118364794211278,-1,nan
737,0.0127363044492955,0.0129162661125515,0.0120404629393293,-1,nan
738,0.0128309677584986,0.0140395764817719,0.0121382537940525,-1,nan
739,0.0118227137788458,0.0130597180264691,0.0122213445209882,-1,nan
740,0.0118582088716866,0.01347455315518,0.0122259086191199,-1,nan
741,0.0119529766637672,0.0136008162729467,0.0121590626195569,-1,nan
742,0.0134452276369658,0.0141623113741665,0.0123745091261148,-1,nan
743,0.0119433591261202,0.0120808537886072,0.0120895342094615,-1,nan
744,0.0120592308261139,0.0104009216378887,0.0120055560344076,-1,nan
745,0.0122111426993429,0.0133083856845944,0.0119090018795454,-1,nan
746,0.0114136150115662,0.0122783070723493,0.0119936559853239,-1,nan
747,0.0115792687874213,0.00927663874985607,0.0120133826916609,-1,nan
748,0.0110064143717663,0.0106785573298883,0.012177122777266,-1,nan
749,0.0128830863352553,0.0136842596251053,0.0122145698394783,-1,nan
750,0.0127470339011276,0.0133113533212646,0.0123257213863926,-1,nan
751,0.0115339095437474,0.0120146365772429,0.0125639159125771,-1,nan
752,0.0128875299109997,0.0138441757213684,0.0126227321516284,-1,nan
753,0.0118939916413939,0.0128778864653217,0.0123727019890839,-1,nan
754,0.0125913796348776,0.0125945640991909,0.0121537683196051,-1,nan
755,0.0109483669555747,0.0111331981458274,0.0125723134696164,-1,nan
756,0.0124388437244329,0.0114789502756639,0.0126262241640157,-1,nan
757,0.0114038975919691,0.0116122596415,0.012493868608478,-1,nan
758,0.0148895108060516,0.0139356112615232,0.0122666716093186,-1,nan
759,0.013197611539175,0.0133847378953706,0.0123499250157528,-1,nan
760,0.0123363385476639,0.0113862207418327,0.0125718778810493,-1,nan
761,0.0125949101434873,0.0114776546289726,0.0126476324027934,-1,nan
762,0.01031405447288,0.0104880168413872,0.0125523114764958,-1,nan
763,0.0125520574197371,0.0125882400792995,0.0127356051250818,-1,nan
764,0.0130425787456206,0.0134476610198617,0.0158686174601055,-1,nan
765,0.0125067660708331,0.0117034074908718,0.0284231944216745,-1,nan
766,0.0118321801116189,0.0115552957446301,0.0291258017709042,-1,nan
767,0.0118847730854506,0.027805846136939,0.0292630791559073,-1,nan
768,0.137111360896583,0.103330518516182,0.0292782802382831,-1,nan
769,0.0117807117968406,0.026985919696825,0.0295951312140854,-1,nan
770,0.011421573326624,0.0112273582026942,0.0293372484860643,-1,nan
771,0.0142187441233365,0.0136126981412308,0.0288519124484213,-1,nan
772,0.0128468625149378,0.0130326474364416,0.0158487361716885,-1,nan
773,0.0120125093786748,0.011596838902347,0.0129938540158959,-1,nan
774,0.0125697102896567,0.0116842927857564,0.0128181324144089,-1,nan
775,0.0127559623207492,0.0119027364681627,0.012629414115866,-1,nan
776,0.0120314531151625,0.0111909120139137,0.0126952195571297,-1,nan
777,0.0117107694473863,0.0110306000891021,0.0125748123704403,-1,nan
778,0.0141762438477788,0.0124767914204884,0.012946202190322,-1,nan
779,0.0138843756501647,0.0144577302913933,0.0129087936939685,-1,nan
780,0.011834225136927,0.0130610452034789,0.0130865876884544,-1,nan
781,0.0153618016014232,0.0122985430833579,0.013036433272326,-1,nan
782,0.011547583934352,0.010081364101652,0.0131611654655761,-1,nan
783,0.010948245751424,0.0104280048767313,0.0130799979984013,-1,nan
784,0.0118514510564876,0.0110779633999586,0.012692355371428,-1,nan
785,0.0134856786678062,0.0131655210470274,0.012236813293203,-1,nan
786,0.0138004629370513,0.0123324905600634,0.0119863481780192,-1,nan
787,0.0117394919832642,0.0107109312145472,0.012375239876685,-1,nan
788,0.0111877904940377,0.0112465852714106,0.012404529749817,-1,nan
789,0.0109276388993811,0.0112228075645691,0.012349444132383,-1,nan
790,0.0135572468055471,0.012084634910016,0.0121389889676535,-1,nan
791,0.0129168846904371,0.0116578975908038,0.0121136715671989,-1,nan
792,0.0138735644994044,0.014041537857388,0.0119808641109202,-1,nan
793,0.0121457085625569,0.0136614187131189,0.0121915515049933,-1,nan
794,0.0120580107040797,0.0123003688533986,0.012224009014985,-1,nan
795,0.0107305735115274,0.0106758480955585,0.0121591340624253,-1,nan
796,0.011865257918348,0.0124928942074606,0.0121490451682575,-1,nan
797,0.0127582885806812,0.0129485280161134,0.0120252482186031,-1,nan
798,0.0115639018351992,0.0115512016549431,0.012318961544586,-1,nan
799,0.0118662563702425,0.0129065762286244,0.0122790243593252,-1,nan
800,0.0147217890705253,0.015098312189987,0.0125250638986758,-1,nan
801,0.0123494905935915,0.013027047393751,0.0124375968497034,-1,nan
802,0.0124232723543979,0.0129404105512903,0.0123076345255077,-1,nan
803,0.0129115608315493,0.0125329719947571,0.0124452873840575,-1,nan
804,0.0122904835117394,0.0124489408864909,0.0119705857974225,-1,nan
805,0.0105930338785898,0.0109024695572027,0.0119073721670692,-1,nan
806,0.0131829064900711,0.0117560598857398,0.0117204339515916,-1,nan
807,0.0104536672740936,0.00966517163347703,0.0116234768222224,-1,nan
808,0.0114858531916225,0.0108202630940277,0.0113627878317655,-1,nan
809,0.0112859264994678,0.0108453449201342,0.0116698075688352,-1,nan
810,0.0123204147201728,0.0118393841951772,0.0116082367658365,-1,nan
811,0.0106847908721487,0.0105388616452187,0.0116639038464327,-1,nan
812,0.0127814642318631,0.0122188929544319,0.0118967485664805,-1,nan
813,0.0110343683751425,0.0111588317617576,0.0121237712939394,-1,nan
814,0.0120614134760767,0.0118178328531302,0.0123363358024562,-1,nan
815,0.0113091670973466,0.0128837089860986,0.0127920743764305,-1,nan
816,0.0135281352753837,0.0138653716709614,0.0131911510660707,-1,nan
817,0.0154349506666946,0.0141755816900488,0.0133658053876166,-1,nan
818,0.0124951542054662,0.0127977901046151,0.0134503210863707,-1,nan
819,0.0145713344380953,0.0151036303929721,0.0132718754207069,-1,nan
820,0.0114167531163457,0.0130497628256628,0.0132146757868779,-1,nan
821,0.0135800836900453,0.0130615065646653,0.0127858649965607,-1,nan
822,0.0122755356017085,0.0126864067074401,0.0126003318367953,-1,nan
823,0.0123963623246449,0.0138991083928874,0.0121277121144822,-1,nan
824,0.0107622264920492,0.0119252077580944,0.01214839439991,-1,nan
825,0.0119961025673475,0.0120790468918406,0.0120659150531288,-1,nan
826,0.012767667109429,0.0132002131030825,0.012225197526469,-1,nan
827,0.0103324761813126,0.0105490691422831,0.0124393253197764,-1,nan
828,0.0146642980393128,0.0140565587267307,0.0123662875263223,-1,nan
829,0.0120490015977443,0.0128029188918072,0.01230318912996,-1,nan
830,0.0128149591433268,0.0136805810820421,0.0125317033872518,-1,nan
831,0.0115831358462963,0.012344423051837,0.0126659614647073,-1,nan
832,0.0115156468239388,0.0129272216803188,0.0127032796462939,-1,nan
833,0.0141898969703198,0.0140850264061706,0.0126244173248332,-1,nan
834,0.0130100107641635,0.0128404849819726,0.0125577482036554,-1,nan
835,0.0139375255963211,0.0130337795410119,0.0123157609746643,-1,nan
836,0.0113686924861454,0.0122146419480865,0.0122306370432187,-1,nan
837,0.0121033503308349,0.0129415220074959,0.0119384593340721,-1,nan
838,0.0111342358870542,0.0122974680902441,0.0115925016904432,-1,nan
839,0.00982167690974492,0.00947874778639849,0.0113649213687553,-1,nan
840,0.0114554407257819,0.0104050305202393,0.0117143240631516,-1,nan
841,0.0115988253000973,0.0109714860314735,0.0116033784332051,-1,nan
842,0.0111581189420623,0.0117003846208695,0.0115725631931641,-1,nan
843,0.013272662198418,0.0146556021893768,0.0120627876987149,-1,nan
844,0.0129829791298019,0.0135005326236671,0.0122528585545144,-1,nan
845,0.0109336468553726,0.011454824270285,0.0125253463282372,-1,nan
846,0.0142501585628714,0.0133867544587062,0.0124393294005674,-1,nan
847,0.0118163284701999,0.0137126601904552,0.0123272578575998,-1,nan
848,0.013473520290023,0.0139163764477302,0.012327264128794,-1,nan
849,0.0106538409426495,0.0109787399093801,0.0128375890305507,-1,nan
850,0.0129488027377747,0.0125442063200622,0.0129669343225086,-1,nan
851,0.0119743511033849,0.0135663222071757,0.0126986534137578,-1,nan
852,0.0144813635453046,0.0149830449490602,0.0127914147359851,-1,nan
853,0.0142783746262341,0.0132087025829222,0.0128717352646451,-1,nan
854,0.0109933046440643,0.0112558470320137,0.0132696348680348,-1,nan
855,0.0136106787482191,0.0123320188791273,0.0132586724214129,-1,nan
856,0.0124441118172151,0.0120278444579931,0.0129740782484403,-1,nan
857,0.0149588946294495,0.0145639790338199,0.012662534475602,-1,nan
858,0.0124960675016016,0.0129911659285628,0.0129963718649088,-1,nan
859,0.0130848444282421,0.0121152057855765,0.0130015218388917,-1,nan
860,0.0126005044733862,0.0121557874540141,0.0126834146013081,-1,nan
861,0.0132755459264282,0.0131783544579329,0.0124606682525781,-1,nan
862,0.0125981645404826,0.0123943613466276,0.0122411801645373,-1,nan
863,0.0102646121351834,0.00893325030897803,0.0123322952589214,-1,nan
864,0.0131776936284212,0.0107103172252591,0.0123226334342327,-1,nan
865,0.0109230085500613,0.010983517909826,0.0124594021910973,-1,nan
866,0.0130713997783907,0.012239279239421,0.0122570093119197,-1,nan
867,0.0123130486610612,0.0123166739508992,0.0124193127877178,-1,nan
868,0.0134820552916114,0.0144327414743111,0.0124360181992554,-1,nan
869,0.0120845637378104,0.0141947167808348,0.0126138304643903,-1,nan
870,0.0129405777873401,0.012842999516336,0.0126550789026144,-1,nan
871,0.0123161618048435,0.0129686932441304,0.012794997323585,-1,nan
872,0.0116116477346553,0.0124582150056274,0.0125201437952601,-1,nan
873,0.0124767773065026,0.0127100326414689,0.0125460218493425,-1,nan
874,0.0143328052922442,0.0140069326213455,0.0124208448594165,-1,nan
875,0.010170592956562,0.0119049786554205,0.0122292124318604,-1,nan
876,0.012463786003793,0.0126611232105025,0.0122110942745393,-1,nan
877,0.013060497842311,0.0141442398130737,0.0121743653773987,-1,nan
878,0.0112308204429383,0.0115862720567891,0.0119913610171259,-1,nan
879,0.0120321596367946,0.0106471652588663,0.0119672754915592,-1,nan
880,0.0113423708801756,0.0119615793154236,0.0119496471399325,-1,nan
881,0.0131372327067384,0.0124444584108205,0.0120887653552887,-1,nan
882,0.0107398859152904,0.0114004567352729,0.0121113015161691,-1,nan
883,0.0130738226707937,0.0121068416315425,0.0122311710015487,-1,nan
884,0.0129900743899002,0.0120776489194896,0.0125111513582553,-1,nan
885,0.012714718960075,0.0124538795091189,0.0123514012377457,-1,nan
886,0.0117182673612464,0.0124611013535644,0.0124286902480483,-1,nan
887,0.012249762611356,0.0129057349731415,0.012339022291554,-1,nan
888,0.0114498414389065,0.0111599503390562,0.0124684597630221,-1,nan
889,0.0121281292682732,0.0111525980061333,0.0121257720499594,-1,nan
890,0.0118577654998078,0.0126094816049456,0.0123392830702597,-1,nan
891,0.0130947171381754,0.0132077157773981,0.0122906937202129,-1,nan
892,0.0105591894432018,0.0117474153045476,0.0122727507604255,-1,nan
893,0.0131829774233428,0.0133715953765323,0.0124078848400849,-1,nan
894,0.0123464685708572,0.0137940813938359,0.0122253832158096,-1,nan
895,0.0125384362513312,0.0127671352829977,0.0119842883087505,-1,nan
896,0.0126468005252391,0.0126244933422345,0.0125195659329267,-1,nan
897,0.0109323400444091,0.0110151452965328,0.016127761620459,-1,nan
898,0.0122408219086748,0.0105519474338939,0.0450331301397107,-1,nan
899,0.01125343788366,0.011004754964151,0.0462235227683406,-1,nan
900,0.016815294284012,0.0321083904184609,0.0467737176369137,-1,nan
901,0.25909423593286,0.193807245990049,0.0470208114308925,-1,nan
902,0.0152528674851809,0.0604054986069111,0.0471273262232766,-1,nan
903,0.0141380429849208,0.0135849489774289,0.0472345314798608,-1,nan
904,0.0144371220575577,0.0151682351245473,0.0462018141273934,-1,nan
905,0.0117522756390975,0.0139362713655593,0.023661157751216,-1,nan
906,0.0130560778113419,0.0132635555281776,0.0138101692919546,-1,nan
907,0.0134055870031076,0.013572928864418,0.0133203050450123,-1,nan
908,0.0131462706657626,0.0141530900610998,0.0129134139853447,-1,nan
909,0.0147470381364613,0.014021722309241,0.0127673738333833,-1,nan
910,0.0113002778849635,0.0116979809232582,0.0128072298518829,-1,nan
911,0.0123867960520338,0.0120482262598793,0.0130714120245871,-1,nan
912,0.0126189268943657,0.0113913890108464,0.0130720162036324,-1,nan
913,0.0119673829647933,0.0120096352288126,0.0125515120372044,-1,nan
914,0.0145289250658814,0.0154361139665705,0.0126979415485849,-1,nan
915,0.013236889416258,0.0140258204955803,0.0123235197362993,-1,nan
916,0.0104446966095387,0.00972440788135476,0.0125540438789686,-1,nan
917,0.0118969616825742,0.0116896105892597,0.0130353138645308,-1,nan
918,0.0116220495221019,0.0126822802261204,0.0127877436782588,-1,nan
919,0.0120597359132304,0.0116245935627106,0.0126315699760888,-1,nan
920,0.0161432296649325,0.01464550280846,0.0126635156474593,-1,nan
921,0.0129760596168243,0.0135538069522009,0.0128641180640257,-1,nan
922,0.012853499725215,0.0115088219168038,0.0129742150761256,-1,nan
923,0.0117299243608037,0.0118146065019435,0.0127818376773228,-1,nan
924,0.0140386316352386,0.0131142579211092,0.0125037940754497,-1,nan
925,0.012013354214623,0.0119511208351929,0.0123002193518413,-1,nan
926,0.0111225874008529,0.0113072982756431,0.0123309423889066,-1,nan
927,0.0135372886885208,0.0113127424289955,0.0122152404473608,-1,nan
928,0.0109890682743527,0.0113880279891173,0.0119354222547677,-1,nan
929,0.0119933577621563,0.012654760707414,0.0117479385579564,-1,nan
930,0.0113708537385867,0.01208440322238,0.0119182027018719,-1,nan
931,0.0105328789268004,0.0101660223567877,0.0117591501520693,-1,nan
932,0.0130834374878839,0.0121018390487332,0.0120913960515547,-1,nan
933,0.0115317075014972,0.0112155060477123,0.0119793603226526,-1,nan
934,0.0125824589696516,0.012947556990894,0.0116332401216693,-1,nan
935,0.0125267725647862,0.0123719479304745,0.0115733444453865,-1,nan
936,0.0110348962265549,0.0103631252583263,0.0114836182051885,-1,nan
937,0.0100672450450253,0.0100619119556512,0.011504454681142,-1,nan
938,0.0110038690140033,0.0117144900840298,0.0117650669584582,-1,nan
939,0.0116247441622021,0.0118446295806925,0.0120467462367334,-1,nan
940,0.0115961434725992,0.0107766785551188,0.0120472469056182,-1,nan
941,0.0135455286018444,0.0130384505342758,0.0125741606653055,-1,nan
942,0.015215376754746,0.0162369652913908,0.0124975812996929,-1,nan
943,0.01077805196244,0.014079665958232,0.0123763783635962,-1,nan
944,0.0133112959526371,0.0130820435237487,0.0122827462359916,-1,nan
945,0.012287725954201,0.0119741412832518,0.01227840335838,-1,nan
946,0.00892414364906074,0.0107355599485133,0.0122004210722852,-1,nan
947,0.0126896005134316,0.0128649179007176,0.012513506875363,-1,nan
948,0.0124973741910285,0.0124894072001845,0.0127188926400271,-1,nan
949,0.0143920976453751,0.0133297408376826,0.0126595006254958,-1,nan
950,0.0114679664572685,0.0129728372191045,0.0128343801418052,-1,nan
951,0.0148469320887715,0.0143508341859923,0.0127235691103362,-1,nan
952,0.0117128917501323,0.01180200573014,0.0127282206916275,-1,nan
953,0.0111693834008749,0.0108114486448319,0.0123588790329232,-1,nan
954,0.0118014343586948,0.0110549771313869,0.0120958918745519,-1,nan
955,0.0122461502873077,0.0120777093248024,0.0119260650513445,-1,nan
956,0.0120649068286085,0.0120288248149626,0.0118007747543642,-1,nan
957,0.0100682318920728,0.011742716213988,0.0115813977539153,-1,nan
958,0.0131608268616115,0.0128535248432546,0.0120667876633111,-1,nan
959,0.0115650426383516,0.0118145465746689,0.0119494480560824,-1,nan
960,0.0101554947238913,0.0121876246426129,0.0119602112146528,-1,nan
961,0.0149809203001551,0.0142433234678448,0.0122846704598431,-1,nan
962,0.0103614236757172,0.0108593547308879,0.0124050147761883,-1,nan
963,0.0120844090292825,0.0117851224827901,0.012499218447397,-1,nan
964,0.0148721827180993,0.0124986740565645,0.0129585510204475,-1,nan
965,0.0137352571918311,0.0113051769951839,0.0128024829661292,-1,nan
966,0.0102448454898328,0.0100008622395781,0.0124254468094315,-1,nan
967,0.0143732531403993,0.0137358864304438,0.0125339808373285,-1,nan
968,0.0126082024665069,0.0143415097544048,0.0121332501173828,-1,nan
969,0.0101199727245257,0.0111592386985728,0.0122931247813764,-1,nan
970,0.0125105735990367,0.011584603380501,0.0124825243369803,-1,nan
971,0.011679436868911,0.0113851148052887,0.0123021374099451,-1,nan
972,0.0134013837850778,0.0111466394145545,0.0122597326217835,-1,nan
973,0.0123723699022489,0.0117441294741313,0.0123974191765177,-1,nan
974,0.0133212569429117,0.0126473533930563,0.0129263722752112,-1,nan
975,0.0122389717220966,0.012530960068352,0.0130377141253307,-1,nan
976,0.0121886770153668,0.0120997935567998,0.0130335818544146,-1,nan
977,0.0129010161718306,0.0134627319608505,0.0128541446638312,-1,nan
978,0.0134205718606468,0.0154134970800778,0.0124437717790025,-1,nan
979,0.0140493404148715,0.0138743970333668,0.0126502219946426,-1,nan
980,0.0137771208441961,0.0123725658149968,0.0125619557168447,-1,nan
981,0.0105312098700466,0.0108281423436385,0.012489577317204,-1,nan
982,0.0122747830518971,0.0123705844095998,0.0125412618889319,-1,nan
983,0.0114274144062928,0.0113726227906088,0.0124809666261197,-1,nan
984,0.00988966380806658,0.0103669975399426,0.01272225672436,-1,nan
985,0.013367299197373,0.0139995556480455,0.0130262068922838,-1,nan
986,0.0153990794734686,0.0174141032101839,0.0130493048935361,-1,nan
987,0.0165577343154618,0.0176008281085828,0.0130208583735809,-1,nan
988,0.0125573180354036,0.0128170452055267,0.0129716822181688,-1,nan
989,0.0115033809496601,0.0120248878492443,0.0128568940935796,-1,nan
990,0.0103809179227246,0.0120227228761478,0.0123748684593847,-1,nan
991,0.0110495087964136,0.0114440040570843,0.012092501407348,-1,nan
992,0.0118718525752711,0.010995193375377,0.012036585149304,-1,nan
993,0.0123857394202401,0.0120733978914991,0.0119287076363387,-1,nan
994,0.0117662643473798,0.0116494211319493,0.0119787756651064,-1,nan
995,0.0137855821910756,0.0129712673683376,0.0120371558311164,-1,nan
996,0.011009611001759,0.011034351376375,0.0120822064381329,-1,nan
997,0.0114423282028084,0.0105171352502755,0.0118620742703029,-1,nan
998,0.0139703431139297,0.0133537246893954,0.011849518037216,-1,nan
999,0.0103606209732527,0.0115158722146441,0.0114086205340121,-1,nan
1000,0.0109742166073979,0.0116272566748666,0.0117246680865614,-1,nan
1001,0.0110761597723243,0.0125443892044623,0.0119006284180426,-1,nan
1002,0.0121292238490115,0.0110965271312786,0.0118115734362336,-1,nan
1003,0.0133335103319648,0.0115523845126404,0.0119337439303596,-1,nan
1004,0.0115632980772369,0.0114019123066338,0.0121459864068731,-1,nan
1005,0.0117407343595875,0.0133070765022938,0.0122154106774431,-1,nan
1006,0.0119232088059909,0.0127770530382549,0.0120419414534316,-1,nan
1007,0.0123479366694924,0.0116454671458508,0.0120927180732587,-1,nan
1008,0.0138856579793755,0.0127560509255133,0.0123806341457398,-1,nan
1009,0.00919040078374106,0.0106900281903586,0.0126289234314949,-1,nan
1010,0.0132495294216263,0.0135108481595584,0.0124594356107725,-1,nan
1011,0.0134800105208949,0.0137631205273418,0.0124738434543912,-1,nan
1012,0.0130254888914607,0.0121904323158661,0.0121914089477401,-1,nan
1013,0.0129132540392033,0.0122369962649317,0.0126122785796349,-1,nan
1014,0.0105936438080697,0.0110807577415611,0.012817738876273,-1,nan
1015,0.0126478279402086,0.0120961250867746,0.0126335753954102,-1,nan
1016,0.0133605119095177,0.013074141150182,0.0127192918432521,-1,nan
1017,0.0132025337785039,0.0143254403464343,0.0125424895422464,-1,nan
1018,0.0121579037883148,0.0130000268015542,0.0124342874090814,-1,nan
1019,0.0142970898904181,0.0131525414351486,0.012522218834814,-1,nan
1020,0.0111465519031619,0.0114766492699703,0.0127009841949456,-1,nan
1021,0.0111594766823502,0.0110188128587272,0.0126425476250675,-1,nan
1022,0.0136961991425286,0.0131519939430615,0.0126041346324463,-1,nan
1023,0.0133611235933697,0.0142536218681241,0.0125399728284881,-1,nan
